{"cameraMode":{"drawMode":0,"name":"Shaded","section":"Shading Mode"},"sceneLighting":false,"audioPlay":false,"sceneViewState":{"showFog":true,"showMaterialUpdate":false,"showSkybox":true,"showFlares":true,"showImageEffects":true,"showParticleSystems":true},"in2DMode":false,"pivot":{"x":-0.10873891413211823,"y":-0.14032351970672608,"z":-0.21672046184539796},"rotation":{"x":0.0037010207306593658,"y":-0.9604156017303467,"z":0.27825382351875307,"w":0.012768608517944813},"size":0.5108863115310669,"orthographic":false}