{"cameraMode":{"drawMode":0,"name":"Shaded","section":"Shading Mode"},"sceneLighting":false,"audioPlay":false,"sceneViewState":{"showFog":true,"showMaterialUpdate":false,"showSkybox":true,"showFlares":true,"showImageEffects":true,"showParticleSystems":true},"in2DMode":false,"pivot":{"x":14.640000343322754,"y":1.8545081615447999,"z":-4.64243221282959},"rotation":{"x":0.010516255162656308,"y":0.9894745349884033,"z":-0.10427820682525635,"w":0.09977797418832779},"size":0.46955054998397829,"orthographic":true}