{"cameraMode":{"drawMode":0,"name":"Shaded","section":"Shading Mode"},"sceneLighting":false,"audioPlay":false,"sceneViewState":{"showFog":true,"showMaterialUpdate":false,"showSkybox":true,"showFlares":true,"showImageEffects":true,"showParticleSystems":true},"in2DMode":false,"pivot":{"x":2.3885319232940676,"y":1.6920580863952637,"z":-2.5357112884521486},"rotation":{"x":0.2929612696170807,"y":-0.6736117005348206,"z":0.334159791469574,"w":0.5905575156211853},"size":2.2591328620910646,"orthographic":false}