{"cameraMode":{"drawMode":0,"name":"Shaded","section":"Shading Mode"},"sceneLighting":false,"audioPlay":false,"sceneViewState":{"showFog":true,"showMaterialUpdate":false,"showSkybox":true,"showFlares":true,"showImageEffects":true,"showParticleSystems":true},"in2DMode":false,"pivot":{"x":-0.19937506318092347,"y":-16.346860885620118,"z":49.89374923706055},"rotation":{"x":0.035702429711818698,"y":-0.9584683775901794,"z":0.24658559262752534,"w":0.13877829909324647},"size":175.54388427734376,"orthographic":false}