{"cameraMode":{"drawMode":0,"name":"Shaded","section":"Shading Mode"},"sceneLighting":true,"audioPlay":false,"sceneViewState":{"showFog":true,"showMaterialUpdate":false,"showSkybox":true,"showFlares":true,"showImageEffects":true,"showParticleSystems":true},"in2DMode":false,"pivot":{"x":5.383840560913086,"y":3.2666823863983156,"z":-5.8841729164123539},"rotation":{"x":-0.012420729734003544,"y":0.9833986759185791,"z":-0.16526545584201814,"w":-0.07389290630817414},"size":15.360033988952637,"orthographic":true}