{"cameraMode":{"drawMode":0,"name":"Shaded","section":"Shading Mode"},"sceneLighting":false,"audioPlay":false,"sceneViewState":{"showFog":true,"showMaterialUpdate":false,"showSkybox":true,"showFlares":true,"showImageEffects":true,"showParticleSystems":true},"in2DMode":false,"pivot":{"x":14.640000343322754,"y":1.8545081615447999,"z":-4.64243221282959},"rotation":{"x":0.00798419862985611,"y":0.9247049689292908,"z":-0.38010501861572268,"w":0.019422033801674844},"size":1.4683939218521119,"orthographic":true}