{"cameraMode":{"drawMode":0,"name":"Shaded","section":"Shading Mode"},"sceneLighting":true,"audioPlay":false,"sceneViewState":{"showFog":true,"showMaterialUpdate":false,"showSkybox":true,"showFlares":true,"showImageEffects":true,"showParticleSystems":true},"in2DMode":false,"pivot":{"x":2.124094009399414,"y":3.1280360221862795,"z":-2.752594470977783},"rotation":{"x":-0.04510864242911339,"y":0.8460076451301575,"z":-0.07250934839248657,"w":-0.5262876152992249},"size":10.878157615661621,"orthographic":true}